{
  "baseline (no components)": {
    "full": {
      "fact": 0.9474637681159419,
      "multihop": 0.7554347826086957,
      "rootcause": 0.6739130434782609
    },
    "chain": {
      "fact": 0.3713768115942029,
      "multihop": 0.46195652173913043,
      "rootcause": 0.31521739130434784
    }
  },
  "+ proposition_rerank": {
    "full": {
      "fact": 0.9474637681159419,
      "multihop": 0.7554347826086957,
      "rootcause": 0.6847826086956522
    },
    "chain": {
      "fact": 0.3840579710144927,
      "multihop": 0.4673913043478261,
      "rootcause": 0.32065217391304346
    }
  },
  "+ calibrated_fusion": {
    "full": {
      "fact": 0.9474637681159419,
      "multihop": 0.75,
      "rootcause": 0.6956521739130435
    },
    "chain": {
      "fact": 0.37862318840579706,
      "multihop": 0.4782608695652174,
      "rootcause": 0.3423913043478261
    }
  },
  "+ both (shipping default)": {
    "full": {
      "fact": 0.9474637681159419,
      "multihop": 0.7554347826086957,
      "rootcause": 0.6956521739130435
    },
    "chain": {
      "fact": 0.43115942028985504,
      "multihop": 0.47282608695652173,
      "rootcause": 0.32065217391304346
    }
  }
}